09Danielaa, 10
10ACeeChris, 11
193389, 6
1D_bot, 6
242ami, 6
2nd_Take, 8
342chiyuki, 10
418__Clarice, 12
4adventurer, 11
500px_mix, 9
500px_pop, 9
AAlsharekh, 10
ALBERTINIGabry, 14
ALV_KHYGG, 9
Abiba_okhai, 11
AdvertisingWork, 15
Afnie0313, 9
AgentChelz, 10
AlekseyDimitrov, 15
AlessioLale, 11
AlexSkyRyder_, 13
AlyaRunia, 9
AlyxG, 5
AmeynraDance, 12
AndreaHutch1, 12
AngelMcQTran, 12
Arturo_Wolf_Gil, 15
AshlynSuthoff75, 15
AsianFashionLaw, 15
AtifaMurad, 10
AwesomeJkeeee, 13
AwetTekle, 9
BATSUO, 6
BM_Models, 9
BajeezulesNiall, 15
Bamwhales, 9
BanditAlly, 10
BandungReview, 13
BarnesNathanie1, 15
Basillia, 8
BeijingBling, 12
BellarinaElina, 14
Benet75360332, 13
Bhushavali, 10
BiancaJane_25, 13
BilalKD, 7
Bitchy_Fashion_, 15
BodaciousJewels, 15
Bree_Laughlin, 13
CGK3Productions, 15
CRMcAneny, 9
CannesFilmFest1, 15
CashCats, 8
Celebrity_See, 13
CelesteRivera15, 15
ChandlerAZNews, 14
ChilliTili, 10
ChloeMaguire1, 13
ClaFontshop, 11
CockRocket94, 12
Cookiebex, 9
DJAMARIS1, 9
Da_Rockboi, 10
DamnItsYGStan, 13
Darcy5SOS, 9
DealFreek, 9
DeanOhBoy, 9
DellaDesivaNoor, 15
Deti_madden, 11
Diana_Skyline, 13
Dichard_Rixon, 13
DonFarandula, 12
DreamForGaga, 12
DynamiteApp, 11
E_Michelle1, 11
EdgarAllenDope, 14
Eli60015877, 11
EricaAkosua, 11
FASHiON_ND_SEXX, 15
FLEA_mrkt, 9
FashionCg, 9
FashionUnitedIN, 15
Fashion_Attacks, 15
FiveTwentyMGT, 13
ForevaFly_tc, 12
FormacioTurismo, 15
FotoBencini, 11
FredaPoh, 8
FromBklynWLove, 14
GF_Jenna, 8
G_NationCrown, 13
GabriellaNadya, 14
GameOffdk, 9
Gangsta_Gossip, 14
Gayayukk, 8
Good2Denzel, 11
Grokmonkey, 10
HLModeling, 10
Hallemordu, 10
HauteFantaisie, 14
HeatherRahn13, 13
HeelsPassion, 12
ICVeo, 5
IFP_FashionNews, 15
INformamodels, 13
IanisNYLO, 9
ImJustHQ, 8
ImOverTherx, 11
IndianExpress, 13
ItalianFashion2, 15
ItsValeBieber, 13
Itsaleciavaldez, 15
Itz_Demi, 8
JALAPENO2000, 12
JRFrugalMom, 11
J_5starSupafly, 14
JanMalan, 8
JapanNewsTwo4, 13
JasmineVmascara, 15
JeanieLiebau764, 15
Jen_Kuhn, 8
JenniferChois, 13
JenniferKirk18, 14
JessMKelly93, 12
JesseVintage, 12
JiliQueen, 9
JoSpannbauer165, 15
JohanaG99454047, 15
Johntucker990, 13
Juelsofrome, 11
Julie_Buehler, 13
JuneBradfute965, 15
Jus10HenryPhoto, 15
Justice_fifty5, 14
KPreShaboutique, 15
KaleyG_25, 9
KalungWanita, 12
KatrinaMarie8, 13
KaylaGorski, 11
KeepItCalmShay, 14
KendraThompson_, 15
KhahayumanVEVO, 14
Kiiidrauhllll_, 14
KimKardashian6, 14
KristinKoga, 11
LCBillericay, 12
LHelenoDesigns, 14
LMCouthCouture, 14
LaFataleFemme, 13
LawmanCaden, 11
Leeyong_Soo, 11
Lesa_NO_Rayy, 12
LilyGarlick8262, 15
LindseyTaylor12, 15
LiveJasminB, 11
Livee_Evee, 10
LoveHurtS178, 12
Love__NAUTICA, 13
LushBrit, 8
Lyteesha_Tamiah, 15
MODARTINDIA, 11
MaariiArii_, 11
Madame_Fashion, 14
Maeza4, 6
MaggieMowbray, 13
MarianelaBurche, 15
MarkTinyti, 10
MarluxiaJ, 9
MartinaBohn, 11
MaudGerards, 11
MayurR13, 8
MeganWestStyle, 14
MelroseMoschino, 15
MichoHo, 7
Minatoku_Guide, 14
MinjaVIP, 8
Miriam_Smay, 11
MissVeeC, 8
MrVirgincom, 11
MsDustyRhodes, 13
MyQBlog, 7
NERD_probblems, 14
NIGHTWERKK, 10
Naked_In_Mind, 13
Ndosi213, 8
NickiMinajWatch, 15
NicoleIsFly, 11
Nintendoll_, 11
NoirTribe, 9
OliveTreeC, 10
OmoOduaRere, 11
One_Grumpy_Cunt, 15
OscarPatioC, 11
OscaritoDreams, 14
Oxemberg, 8
PAPARAZZI4483, 13
PEARLICIOUSMAMI, 15
PHEIRONG_, 9
PYO_Australia, 13
PanduToretto, 12
PanduanJogja, 12
PaperMate33, 11
Phresh2Def, 10
Phuckyo_Fashion, 15
PravdaRu, 8
RAberylla, 9
RECOfashion10, 13
RachelleHennon7, 15
Raufik_H, 8
RayaAlKhalifa, 13
RedAluminiumKop, 15
Redroadmaster, 13
ReginaKearney_, 14
RenataSiahaan, 13
RespFashionHub, 14
RichlyDeserved, 14
RikoooooR5, 10
RileyHenry4, 11
Rissababe14, 11
RitaMusic143, 12
RiyanoChardin, 13
Roberta_Glass, 13
RoyalAscotNews, 14
RubiconClothing, 15
RussRealDiehl, 13
RyanTimmer, 10
SENA_Fashion, 12
SMMentor, 8
STYLENOLPM, 10
SalwaOwens, 10
SamiSegarra, 11
SharonJGreen, 12
SheHulk12, 9
SimplyVincent, 13
Simplyy_Deijaa, 14
Solidaridadnetw, 15
StephanieGarmes, 15
StrawberriVenom, 15
SuchitraK23, 11
Swagg_Fashion, 13
SweetNSour_Chik, 15
TEAM_LYFE, 9
TNHSsportswear, 14
TOARTC, 6
TOO_EXCLOO, 10
TRULY_AMBITIOUS, 15
Tanny0Tanny, 11
TeamZendayaDWTS, 15
TeaterMishbah, 13
TheLeaOh, 8
Tika_Vanski, 11
Tittolicious, 12
TopmanAU, 8
TrendyMafia, 11
Turbo_Marketers, 15
Tweets4Pay, 10
U_Sweeter, 9
VCAD, 4
VJasmineITA, 11
WBlikeCAFFEINE, 14
WanderLustGirls, 15
WorldStarModel1, 15
XELAfashion, 11
YannnSud, 8
Zamajola88, 10
ZaynLouis_ID, 12
_AlbertoTorres_, 15
_CaamiCaceres, 13
_ayeItsSaydie, 13
_bellarinamyluv, 15
_pamperland, 11
_poxacaah_, 10
_sophiecourtney, 15
_tygriffin, 10
abdul_wAhyu22, 13
aboutphotoshops, 15
abscondment, 11
adiaddicted, 11
ag_prachi, 9
ajoyadvani, 10
aleneumann1, 11
alizanrza, 9
amiguissimo, 11
anaaprili, 9
andechoy, 8
andonalonso, 11
anuptaphilia, 12
arcana22, 8
austinstylish, 13
ayuanggarini, 12
ayusekaar, 9
azilfebriana_, 13
baju_bdg, 8
ballah, 6
beautykillls_, 13
beholderbeauty, 14
belindarule, 11
bollywood_metro, 15
braidedcocks, 12
breatheoutnyc, 13
buypetsupply, 12
byTaryn, 7
call_me_Awhy, 12
care4eye, 8
cbuCso_M, 8
cecyliadotcom, 13
charliendall, 12
chocoqueen, 10
chudasama71, 11
cityslicker_me, 14
collettdawson, 13
cranberrytea100, 15
ctd703, 6
cutecuterose, 12
danieldasz, 10
deniahong, 9
dephong212, 10
dhanzdhanara, 12
dianalunareja, 13
dindarmdhi, 10
dnpimping, 9
dontRASt_onSAN, 14
dpixmania, 9
dustyasstroy, 12
dylanweimer, 11
eceylan10, 9
elinel21, 8
elitayuna, 9
etsydreamdate, 13
fashion__hair, 13
fashion_bridge, 14
fashion_frwd40, 14
fashion_goods, 13
fashion_jewelr, 14
fashion_lab, 11
fashion_menace, 14
fashion_potatoe, 15
fashion_probz7, 14
fashion_street3, 15
fashion_victim, 14
fashiondesign03, 15
fashionpressnet, 15
firdanimasif, 12
fissypinky, 10
forlahranme, 11
franckolerating, 15
frida_abril, 11
fripe_and_co, 12
fyeahwing, 9
girl_florida, 12
grazielepacheco, 15
gregighodaro, 12
greyrauhlin, 11
hannahbasx, 10
here4malik, 10
homerrkins, 10
horse_siwonest, 14
hs428, 5
iAmM1A, 6
iNrs_4_Fashion, 14
iSidsin, 7
i_AshleyTisdale, 15
i_Celeb_Gossip, 14
i_WeightLossTip, 15
iampjhaymanuel, 14
iamsigns, 8
ikamart, 7
ilovemarmalades, 15
indahudjang, 11
irzandiaz, 9
istyapanca, 10
istyle24pinkat, 14
j_undefeated, 12
jawshogga, 9
jaydean91, 9
jesusaguilera15, 15
jewelryjoker, 12
jiivy, 5
jjooeeyy1, 9
jlove_55, 8
jonsagarau, 10
josiekaret, 10
js_fancafe, 10
kathyireland, 12
kevin_ayers8, 12
kimosmith89, 11
kingdompirate, 13
kittyfondue, 11
kring143, 8
l0vecari, 8
larameeee, 9
laurabirks, 10
laurenehlavinka, 15
leafandtendril, 14
legendarybabes, 14
leo1052UK, 9
levaantoniaab, 13
louiehhh, 8
lubabamalik2, 12
lula1354, 8
malawi424, 9
marthatandiyono, 15
matbeauvais, 11
mattwils15, 10
mfabulous, 9
mhmd_hus, 8
morgangendel, 12
mvchlove, 8
mystylemile, 11
nadzmiharon, 11
new_york_post, 13
nikki4evawild, 13
nikkipuyat, 10
nndtribask, 10
nyMari, 6
nyokado_fashion, 15
onlinebeautytip, 15
openbdb, 7
oryzAvitas, 10
palestinebleeds, 15
panjipradana10, 14
pinad, 5
poshlafw, 8
reedicule, 9
rhondasabagh, 12
ritagemmo, 9
rivalrr, 7
rog2K, 5
rucci87, 7
sasi_ibrahim, 12
sebachi_fashion, 15
shaels, 6
shoaib722, 9
silfrans, 8
sinflash666, 11
sir1jaguar, 10
skitza_, 7
skypet_love, 11
snoorani11, 10
solangesad, 10
starkid_dork, 12
starwing, 8
stylebibleph, 12
swttitii, 8
takabubu7, 9
tbfhlouis, 9
teito_m, 7
thecutpaste, 11
thegnat05, 9
thewest_com_au, 14
tinteenn, 8
tjessica61, 10
tmj_nwk_web, 11
topfash_fr, 10
trizna_darmawan, 15
tvvitterderss, 13
ukfashionawards, 15
uphitparcuz69, 13
veraori, 7
vithamiounk, 11
vokemodels, 10
vortynsky, 9
waitforexo, 10
whatdevfaice, 12
xorchideax, 10
xparissx, 8
xxxSanAntonio, 13
yehchloe, 8
young_offenders, 15
yulypis, 7
zulhazman10, 11
zyxxle, 6